INSERT INTO ERS_USER_ROLES("NAME")
VALUES ('MANAGER'), ('FINANCE MANAGER'), ('ADMIN'), ('EMPLOYEE'), ('LEAD');

INSERT INTO ERS_USERS (GIVEN_NAME, SURNAME, EMAIL, USERNAME, PASSWORD, ROLE_ID)
VALUES ('WINNIE', 'THEPOOH', 'WINNIE.THEPOOH@REVATURE.COM', 'WINNIE', 'P4$$W0RD', '0f570280-7b1c-4f72-9d4e-271ab8170283');--EMPLOYEE

INSERT INTO ERS_USERS (GIVEN_NAME, SURNAME, EMAIL, USERNAME, PASSWORD, ROLE_ID)
VALUES ('ROB', 'JACKSON', 'ROB@REVATURE.COM', 'ROB', 'P4$$WORD','39bfd610-2685-49ae-a9b7-cacaf0367120'),--MANAGER
       ('TRAVIS', 'JACKSON', 'TRAVIS@REVATURE.COM', 'TRAVIS', 'P4$$WORD','d53885e1-96ea-42b9-a5b1-19befc7939e7'),--ADMIN
       ('JANET', 'JACKSON', 'JANET@REVATURE.COM', 'JANET', 'P4$$WORD','2a87624e-f35a-43f2-b55e-1044606ba205'),--FINANCE MANAGER
       ('LEE', 'JACKSON', 'LEE@REVATURE.COM', 'LEE', 'P4$$WORD', '0b5fa5b9-f011-449f-ab9e-de5bb272d75b'), --LEAD
 	   ('PENNY', 'JACKSON', 'PENNY@REVATURE.COM', 'PENNY', 'P4$$WORD','0f570280-7b1c-4f72-9d4e-271ab8170283'),--EMPLOYEE
	   ('MORGAN', 'FREEMAN', 'MORGAN.FREEMAN@REVATURE.COM', 'MORGAN', 'P4$$W0RD','d53885e1-96ea-42b9-a5b1-19befc7939e7'),--ADMIN
       ('MICHEAL', 'JACKSON', 'MICHEAL@REVATURE.COM', 'MICHEAL', 'P4$$W0RD', '0b5fa5b9-f011-449f-ab9e-de5bb272d75b'),--LEAD
       ('DOOEY', 'DOGOODER', 'DOOEY@REVATURE.COM', 'DOOEY', 'P4$$W0RD', '39bfd610-2685-49ae-a9b7-cacaf0367120');--MANAGER


 SELECT *
FROM ERS_USERS;

SELECT *
FROM ERS_REIMBURSEMENTS;

SELECT *
FROM ers_user_roles eur;

SELECT *
FROM ers_reimbursement_statuses ers;

SELECT *
FROM ers_reimbursement_types ert;

INSERT INTO ers_reimbursement_statuses (STATUS_ID, STATUS)
VALUES ('39bfd610-2685-49ae-a9b7-cacaf0367120', 'APPROVED'),--MANAGER
		('d53885e1-96ea-42b9-a5b1-19befc7939e7', 'APPROVED TO PROGRESS'),--ADMIN
		('2a87624e-f35a-43f2-b55e-1044606ba205', 'APPROVED AND READY FOR PROCESS'),--FINANCE MANAGER
		('0f570280-7b1c-4f72-9d4e-271ab8170283', 'PENDING'),--EMPLOYEE
		('0b5fa5b9-f011-449f-ab9e-de5bb272d75b','DENIED');--LEAD
INSERT INTO ERS_REIMBURSEMENT_TYPES (TYPE)
VALUES ('LODGING'),
		('TRAVEL'),
		('FOOD'),
		('OTHER');

INSERT INTO ERS_REIMBURSEMENTS (AMOUNT, AUTHOR_ID, STATUS_ID, TYPE_ID, DESCRIPTION)
VALUES ('10', 'd53885e1-96ea-42b9-a5b1-19befc7939e7', '39bfd610-2685-49ae-a9b7-cacaf0367120', '16f2483e-0a4c-4a64-b8e8-d8e545901323', 'TRAVEL'),--ADMIN, APPROVED, TRAVEL
		('20', '39bfd610-2685-49ae-a9b7-cacaf0367120',  'd53885e1-96ea-42b9-a5b1-19befc7939e7', '37ec76b7-f05d-449e-b767-79d9928dd556', 'LODGING'),--MANAGER, APPROVED TO PROGRESS, LODGING-
		('40', '2a87624e-f35a-43f2-b55e-1044606ba205',  '2a87624e-f35a-43f2-b55e-1044606ba205', '8e9ffc9e-9c15-491d-a9ca-ea9d036bc961', 'FOOD'),--FINANCE MANAGER, APPROVED AND READY FOR PROCESS, FOOD
		('25', '0f570280-7b1c-4f72-9d4e-271ab8170283', '0f570280-7b1c-4f72-9d4e-271ab8170283', 'dbba9884-c8db-4365-91ac-37d7e8cf66d1', 'OTHER');--EMPLOYEE,PENDING, OTHER

